"Mrf#","Mfr.","Order Qty.","Unit Price(USD)","Ext.Price(USD)","LCSC#","Package","Min","Mult","SPQ","Availability","Stock Status","Customer Notes","Description","Product Link"
"STM32H743IIT6","ST",2,11.1993,22.40,"C89597","LQFP-176(24x24)",1,1,40,755,"In Stock","","ARM Cortex-M7 32 Bit 480MHz LQFP-176(24x24) Microcontrollers RoHS","https://www.lcsc.com/product-detail/C89597.html"
"ICE40HX4K-TQ144","Lattice",2,17.1574,34.31,"C1521989","TQFP-144(20x20)",1,1,60,19,"In Stock","","107 3520 440 TQFP-144(20x20) FPGAs (Field Programmable Gate Array) RoHS","https://www.lcsc.com/product-detail/C1521989.html"
"ADC08100CIMTCX/NOPB","TI",2,4.5676,9.14,"C701581","TSSOP-24",1,1,2500,2497,"In Stock","","Parallel port 2.7V~3.6V TSSOP-24 Analog to Digital Converters (ADC) RoHS","https://www.lcsc.com/product-detail/C701581.html"
"IS61WV25616BLL-10TLI","ISSI",2,8.4928,16.99,"C53825","TSOPII-44",1,1,135,617,"In Stock","","4Mbit TSOPII-44 Memory RoHS","https://www.lcsc.com/product-detail/C53825.html"
"W25Q128JVPIQ","Winbond",2,3.2876,6.58,"C190862","WSON-8-EP(5x6)",1,1,5000,7194,"In Stock","","128Mbit 2.7V~3.6V 133MHz SPI WSON-8-EP(5x6) Memory RoHS","https://www.lcsc.com/product-detail/C190862.html"
"MCP4922-E/ST","MICROCHIP",2,3.6939,7.39,"C637136","TSSOP-14",1,1,96,8,"In Stock","","4.5us 2.7V~5.5V 0.2LSB SPI TSSOP-14 Digital to Analog Converters (DAC) RoHS","https://www.lcsc.com/product-detail/C637136.html"
"TLV3501AIDR","TI",2,3.5022,7.00,"C43484","SOP-8",1,1,2500,5491,"In Stock","","1 3.2mA 1mV Rail-to-Rail Input, Rail-to-Rail Output SOP-8 Comparators RoHS","https://www.lcsc.com/product-detail/C43484.html"
"ADA4817-1ARDZ-R7","ADI",2,9.9745,19.95,"C207502","SOIC-8-EP",1,1,1000,15644,"In Stock","","40mA 1 500uV 870V/us -83dB 2pA 14mA 410MHz SOIC-8-EP Instrumentation, Op Amps, Buffer Amps RoHS","https://www.lcsc.com/product-detail/C207502.html"
"OPA820IDR","TI",2,3.2908,6.58,"C2878255","SOIC-8",1,1,2500,5482,"In Stock","","110mA 1 750uV 240V/us 85dB 17uA 5.6mA 280MHz SOIC-8 Instrumentation, Op Amps, Buffer Amps RoHS","https://www.lcsc.com/product-detail/C2878255.html"
"ADG1204YRUZ","ADI",2,5.4944,10.99,"C654758","TSSOP-14",1,1,96,0,"In Stock","","1 120Ω TSSOP-14 Analog Switches, Multiplexers, Demultiplexers RoHS","https://www.lcsc.com/product-detail/C654758.html"
"AD8058ARZ","ADI",2,7.9267,15.85,"C208568","SOIC-8",1,1,98,26,"In Stock","","Standard (General Purpose) Amplifier 2 Circuit SOIC-8","https://www.lcsc.com/product-detail/C208568.html"
"TPS62130RGTR","TI",2,1.3205,2.64,"C43590","QFN-16-EP(3x3)",1,1,3000,30139,"In Stock","","2.5MHz Step-down type Adjustable 900mV~6V 3A QFN-16-EP(3x3) Voltage Regulators - DC DC Switching Regulators RoHS","https://www.lcsc.com/product-detail/C43590.html"
"TPS55340QRTETQ1","TI",2,6.4609,12.92,"C2071669","QFN-16-EP(3x3)",1,1,250,0,"In Stock","","Boost Switching Regulator IC Adjustable 1 Output 5.25A QFN-16-EP(3x3)","https://www.lcsc.com/product-detail/C2071669.html"
"LT1054CS8#PBF","ADI",1,14.1237,14.12,"C84388","SO-8",1,1,100,0,"In Stock","","Inverted 25kHz 100mA SO-8 Voltage Regulators - DC DC Switching Regulators RoHS","https://www.lcsc.com/product-detail/C84388.html"
"ADP7142ARDZ","ADI",2,7.4796,14.96,"C3745280","SOIC-8-EP",1,1,98,208,"In Stock","","1.2V~39V Positive Fixed SOIC-8-EP Voltage Regulators - Linear, Low Drop Out (LDO) Regulators RoHS","https://www.lcsc.com/product-detail/C3745280.html"
"ADP7182AUJZ-R7","ADI",2,3.5612,7.12,"C514358","TSOT-23-5",1,1,3000,5643,"In Stock","","1.22V~27V Negative Adjustable TSOT-23-5 Voltage Regulators - Linear, Low Drop Out (LDO) Regulators RoHS","https://www.lcsc.com/product-detail/C514358.html"
"AP2112K-1.2TRG1","DIODES",50,0.2870,14.35,"C460310","SOT-25",5,5,3000,120,"In Stock","","1.2V Positive Fixed SOT-25 Voltage Regulators - Linear, Low Drop Out (LDO) Regulators RoHS","https://www.lcsc.com/product-detail/C460310.html"
"USBLC6-2SC6","ST",50,0.1374,6.87,"C7519","SOT-23-6L",5,5,3000,34745,"In Stock","","17VC Clamp 5A Ipp ESD DIODE SOT-23-6L","https://www.lcsc.com/product-detail/C7519.html"
"BAV99","JSMSEMI",50,0.0093,0.47,"C916421","SOT-23",50,50,3000,1805600,"In Stock","","Diode Array 1 Pair Series Connection 75V 215mA Surface Mount SOT-23","https://www.lcsc.com/product-detail/C916421.html"
"BAT54S","JSMSEMI",50,0.0110,0.55,"C916425","SOT-23",50,50,3000,574150,"In Stock","","Diode Array 1 Pair Series Connection 30V 200mA Surface Mount SOT-23","https://www.lcsc.com/product-detail/C916425.html"
"SS34","MDD(Microdiode Semiconductor)",60,0.0351,2.11,"C8678","SMA(DO-214AC)",20,20,5000,3817040,"In Stock","","Diode Independent 40V 3A Surface Mount SMA(DO-214AC)","https://www.lcsc.com/product-detail/C8678.html"
"SS24","YANGJIE",50,0.0771,3.86,"C2845097","SMB(DO-214AA)",10,10,3000,25290,"In Stock","","Diode Independent 40V 2A Surface Mount SMB(DO-214AA)","https://www.lcsc.com/product-detail/C2845097.html"
"BSMD1206C-1200T","BHFUSE",50,0.0571,2.86,"C41367223","1206",10,10,3000,47480,"In Stock","","2A 72V Fuse Surface Mount 1206","https://www.lcsc.com/product-detail/C41367223.html"
"SX2M50.000M20F30TNN","SCTF",50,0.3022,15.11,"C2901606","SMD2520-4P",1,1,3000,22055,"In Stock","","Oscillator 50MHz ±20ppm CMOS 1.62V~3.63V SMD2520-4P","https://www.lcsc.com/product-detail/C2901606.html"
"X50328MSB2GI","YXC Crystal Oscillators",50,0.2474,12.37,"C115962","SMD5032-2P",10,10,1000,58620,"In Stock","","Crystal 8MHz ±10ppm 20pF SMD5032-2P","https://www.lcsc.com/product-detail/C115962.html"
"APS0630M2R2A","Coilank",50,0.0681,3.41,"C47327201","SMD,7.7x6.6mm",5,5,1000,57055,"In Stock","","9.6A 2.2uH ±20% 14.8mΩ 10.1A SMD,7.7x6.6mm Fixed Inductors RoHS","https://www.lcsc.com/product-detail/C47327201.html"
"SRG1040-2R2-M","JIERR",50,0.1486,7.43,"C53463002","SMD,11.5x10.5mm",5,5,1000,19145,"In Stock","","14A 2.2uH ±20% 17A 7.6mΩ Molded inductor SMD,11.5x10.5mm Fixed Inductors RoHS","https://www.lcsc.com/product-detail/C53463002.html"
"BLM21PG601SN1D","muRata",50,0.0601,3.01,"C41556732","0805",10,10,4000,5760,"In Stock","","140mΩ 1 ±25% 600Ω@100MHz 0805 Ferrite Beads and Chips RoHS","https://www.lcsc.com/product-detail/C41556732.html"
"CC0805CRNPO9BN2R2","YAGEO",50,0.0163,0.82,"C519933","0805",50,50,4000,47750,"In Stock","","2.2pF 50V Ceramic Capacitor NP0 0805","https://www.lcsc.com/product-detail/C519933.html"
"CL21C120JBANNNC","Samsung Electro-Mechanics",0,"-","-","C170110","0805",50,50,4000,0,"In Stock","","12pF ±5% 50V Ceramic Capacitor C0G 0805","https://www.lcsc.com/product-detail/C170110.html"
"CL21C220JBANNNC","Samsung Electro-Mechanics",50,0.0123,0.62,"C1804","0805",50,50,4000,512250,"In Stock","","22pF ±5% 50V Ceramic Capacitor C0G 0805","https://www.lcsc.com/product-detail/C1804.html"
"CL21C300JBANNNC","Samsung Electro-Mechanics",0,"-","-","C1809","0805",20,20,4000,0,"In Stock","","30pF ±5% 50V Ceramic Capacitor C0G 0805","https://www.lcsc.com/product-detail/C1809.html"
"CL21C470JBANNNC","Samsung Electro-Mechanics",60,0.0106,0.64,"C14857","0805",20,20,4000,39640,"In Stock","","47pF ±5% 50V Ceramic Capacitor C0G 0805","https://www.lcsc.com/product-detail/C14857.html"
"CL21C391JBANNNC","Samsung Electro-Mechanics",50,0.0400,2.00,"C318736","0805",10,10,4000,0,"In Stock","","390pF ±5% 50V Ceramic Capacitor C0G 0805","https://www.lcsc.com/product-detail/C318736.html"
"CL21B472KBANNNC","Samsung Electro-Mechanics",50,0.0136,0.68,"C50131","0805",50,50,4000,71850,"In Stock","","4.7nF ±10% 50V Ceramic Capacitor X7R 0805","https://www.lcsc.com/product-detail/C50131.html"
"0805B563K500NT","FH",50,0.0117,0.59,"C1753","0805",50,50,4000,50,"In Stock","","56nF ±10% 50V Ceramic Capacitor X7R 0805","https://www.lcsc.com/product-detail/C1753.html"
"CL21B104KBCNNNC","Samsung Electro-Mechanics",60,0.0151,0.91,"C1711","0805",20,20,4000,865560,"In Stock","","100nF ±10% 50V Ceramic Capacitor X7R 0805","https://www.lcsc.com/product-detail/C1711.html"
"CC0805KKX7R9BB274","YAGEO",50,0.0329,1.65,"C113845","0805",50,50,3000,6150,"In Stock","","270nF ±10% 50V Ceramic Capacitor X7R 0805","https://www.lcsc.com/product-detail/C113845.html"
"CL21B105KAFNNNE","Samsung Electro-Mechanics",50,0.0408,2.04,"C116352","0805",10,10,2000,313480,"In Stock","","1uF ±10% 25V Ceramic Capacitor X7R 0805","https://www.lcsc.com/product-detail/C116352.html"
"CL21B225KOFNNNE","Samsung Electro-Mechanics",60,0.0429,2.57,"C28234","0805",20,20,2000,78940,"In Stock","","2.2uF ±10% 16V Ceramic Capacitor X7R 0805","https://www.lcsc.com/product-detail/C28234.html"
"CL21A106KAYNNNE","Samsung Electro-Mechanics",60,0.0656,3.94,"C15850","0805",20,20,2000,418980,"In Stock","","10uF ±10% 25V Ceramic Capacitor X5R 0805","https://www.lcsc.com/product-detail/C15850.html"
"CL32B106KBJNNNE","Samsung Electro-Mechanics",50,0.2277,11.39,"C138687","1210",1,1,1000,0,"In Stock","","10uF ±10% 50V Ceramic Capacitor X7R 1210","https://www.lcsc.com/product-detail/C138687.html"
"CL21A226MOQNNNE","Samsung Electro-Mechanics",50,0.1059,5.30,"C98190","0805",10,10,2000,850790,"In Stock","","22uF ±20% 16V Ceramic Capacitor X5R 0805","https://www.lcsc.com/product-detail/C98190.html"
"0805W8F4700T5E","UNI-ROYAL",100,0.0049,0.49,"C17710","0805",100,100,5000,2001800,"In Stock","","470Ω ±1% 125mW 0805 Thick Film Resistor","https://www.lcsc.com/product-detail/C17710.html"
"0805W8F1473T5E","UNI-ROYAL",100,0.0070,0.70,"C17462","0805",100,100,5000,4000,"In Stock","","147kΩ ±1% 125mW 0805 Thick Film Resistor","https://www.lcsc.com/product-detail/C17462.html"
"0805W8F1500T5E","UNI-ROYAL",100,0.0057,0.57,"C17471","0805",100,100,5000,180600,"In Stock","","150Ω ±1% 125mW 0805 Thick Film Resistor","https://www.lcsc.com/product-detail/C17471.html"
"0805W8F2200T5E","UNI-ROYAL",100,0.0055,0.55,"C17557","0805",100,100,5000,524400,"In Stock","","220Ω ±1% 125mW 0805 Thick Film Resistor","https://www.lcsc.com/product-detail/C17557.html"
"0805W8F3740T5E","UNI-ROYAL",100,0.0023,0.23,"C30515","0805",100,100,5000,0,"In Stock","","374Ω ±1% 125mW 0805 Thick Film Resistor","https://www.lcsc.com/product-detail/C30515.html"
"0805W8F1001T5E","UNI-ROYAL",100,0.0041,0.41,"C17513","0805",100,100,5000,26385100,"In Stock","","1kΩ ±1% 125mW 0805 Thick Film Resistor","https://www.lcsc.com/product-detail/C17513.html"
"0805W8F4701T5E","UNI-ROYAL",100,0.0051,0.51,"C17673","0805",100,100,5000,2687200,"In Stock","","4.7kΩ ±1% 125mW 0805 Thick Film Resistor","https://www.lcsc.com/product-detail/C17673.html"
"0805W8F5491T5E","UNI-ROYAL",100,0.0054,0.54,"C17726","0805",100,100,5000,3000,"In Stock","","5.49kΩ ±1% 125mW 0805 Thick Film Resistor","https://www.lcsc.com/product-detail/C17726.html"
"0805W8F1002T5E","UNI-ROYAL",100,0.0034,0.34,"C17414","0805",100,100,5000,52502400,"In Stock","","10kΩ ±1% 125mW 0805 Thick Film Resistor","https://www.lcsc.com/product-detail/C17414.html"
"0805W8F3242T5E","UNI-ROYAL",100,0.0055,0.55,"C36938","0805",100,100,5000,8200,"In Stock","","32.4kΩ ±1% 125mW 0805 Thick Film Resistor","https://www.lcsc.com/product-detail/C36938.html"
"0805W8F4702T5E","UNI-ROYAL",100,0.0068,0.68,"C17713","0805",100,100,5000,1251400,"In Stock","","47kΩ ±1% 125mW 0805 Thick Film Resistor","https://www.lcsc.com/product-detail/C17713.html"
"0805W8F140JT5E","UNI-ROYAL",100,0.0021,0.21,"C17465","0805",100,100,5000,0,"In Stock","","14Ω ±1% 125mW 0805 Thick Film Resistor","https://www.lcsc.com/product-detail/C17465.html"
"0805W8F1803T5E","UNI-ROYAL",100,0.0039,0.39,"C17501","0805",100,100,5000,66700,"In Stock","","180kΩ ±1% 125mW 0805 Thick Film Resistor","https://www.lcsc.com/product-detail/C17501.html"
"0805W8F5230T5E","UNI-ROYAL",100,0.0020,0.20,"C17743","0805",100,100,5000,0,"In Stock","","523Ω ±1% 125mW 0805 Thick Film Resistor","https://www.lcsc.com/product-detail/C17743.html"
"0805W8F1004T5E","UNI-ROYAL",100,0.0044,0.44,"C17514","0805",100,100,5000,1656200,"In Stock","","1MΩ ±1% 125mW 0805 Thick Film Resistor","https://www.lcsc.com/product-detail/C17514.html"
"TYPE-C 16PIN 2MD(073)","SHOU HAN",60,0.0713,4.28,"C2765186","SMD",20,20,1000,859260,"In Stock","","USB-C (USB TYPE-C) Receptacle Connector 16 Position Surface Mount, Right Angle","https://www.lcsc.com/product-detail/C2765186.html"
"BNC-SMA-KJ-9C","cntitle",2,36.15,36.15,"","","","","","In Stock","","","","https://it.aliexpress.com/item/1403721654.html"
"PZ254V-11-03P","XFCN",0,"-","-","C492402","Through Hole,P=2.54mm",50,50,1000,0,"In Stock","","Pin Header 3 Position 2.54mm Pitch Single Row Through Hole -40℃~+105℃","https://www.lcsc.com/product-detail/C492402.html"
"AFE03-S61FMA-1H","JUSHUO",50,0.2934,14.67,"C262550","SMD,P=0.3mm,Surface Mount,Right Angle",1,1,5000,4049,"In Stock","","FFC/FPC Connector 61 Position 0.3mm Pitch Bottom Contact Surface Mount, Right Angle","https://www.lcsc.com/product-detail/C262550.html"
"2005280040","MOLEX",50,0.1505,7.53,"C563728","SMD,P=1mm,Surface Mount,Right Angle",5,5,3000,15655,"In Stock","","FFC/FPC Connector 4 Position 1mm Pitch Bottom Contact Surface Mount, Right Angle -40℃~+105℃","https://www.lcsc.com/product-detail/C563728.html"
"KY-040 encoder","-",2,"-",1.71,"-","-","-","-","-","In Stock","","","","https://it.aliexpress.com/item/1005008554510924.html"
"B3U-1000P","OMRON",50,0.1479,7.40,"C231329","SMD,3x2.5mm",5,5,3500,138485,"In Stock","","Tactile Switch SPST 153gf 1.6mm SMD (SMT) Tab 3mm x 2.5mm Surface Mount","https://www.lcsc.com/product-detail/C231329.html"
"7 inch display","",1,27.45,27.45,"","","","","","","","","","https://it.aliexpress.com/item/4000407658657.html"
"PCB manufacturing","",1,"",100,"","","","","","","","","",""
"Custom duties and taxies","",1,"",100,"","","","","","","","","",""
